id;name;street_address;postal_code;city;state_province;landmark
1;models CFP Franc Human;Quality;Frozen hacking Home Loan Account;Lake Ofelia;navigating Solutions;Handcrafted Concrete Chicken Architect South Dakota
2;Customer supply-chains Corporate;Mandatory Berkshire;Buckinghamshire;East Lavina;Producer;Chair
3;bypass Developer;Awesome Wooden Table;invoice;Lake Jerrold;invoice China;generating Guyana Dollar
4;Incredible capacitor Grove;hacking;interactive;Rutherfordbury;override Personal Loan Account;driver Alaska contextually-based
5;Refined Soft Sausages National National;Soap Orchestrator;program Shoes optical;Bayerville;Gardens USB;Quality-focused Neck
6;quantifying;object-oriented USB;National;Spencerchester;Texas;invoice Accounts Savings Account
7;motivating;Auto Loan Account Administrator Luxembourg;Awesome clicks-and-mortar;Wehnerborough;calculate Credit Card Account calculating;calculate
8;multi-tasking Tasty;time-frame;evolve Architect;Christaburgh;deposit;Principal payment
9;fuchsia Lari Advanced;Cameroon circuit navigating;virtual;Hermannfort;purple Soft;open-source COM
10;Gorgeous Plastic Car Cambridgeshire;primary;compelling withdrawal task-force;East Mariannahaven;USB Fantastic Steel Bike;CSS Forward
