id;type;description;image;image_content_type
1;tan Home Loan Account;Clothing streamline;../fake-data/blob/hipster.png;image/png
2;Brand lime Graphic Interface;Morocco hub;../fake-data/blob/hipster.png;image/png
3;Money Market Account analyzer value-added;backing up;../fake-data/blob/hipster.png;image/png
4;Usability Future Kroon;withdrawal Planner;../fake-data/blob/hipster.png;image/png
5;International iterate Borders;Awesome Steel Gloves;../fake-data/blob/hipster.png;image/png
6;front-end Senior;secondary;../fake-data/blob/hipster.png;image/png
7;synergize Run;withdrawal;../fake-data/blob/hipster.png;image/png
8;Tasty Granite Computer;West Virginia;../fake-data/blob/hipster.png;image/png
9;Refined cutting-edge;Inlet Berkshire International;../fake-data/blob/hipster.png;image/png
10;Chief;Concrete;../fake-data/blob/hipster.png;image/png
